Wall time,Round,Iteration,Value,
1644279866.61181,1,50,0.187468618154526,
1644279993.15042,4,200,0.298423528671265,
1644280038.81109,5,250,0.318706691265106,
1644280298.99071,11,550,0.423636913299561,
1644280342.63459,12,600,0.435184270143509,
1644280473.4065,15,750,0.433878898620606,
1644280522.39423,16,800,0.462797462940216,
1644280651.79596,19,950,0.474646061658859,
1644280696.78036,20,1000,0.477256745100021,
1644280740.60349,21,1050,0.483181029558182,
1644280830.62775,23,1150,0.495531678199768,
1644280871.95108,24,1200,0.508986830711365,
1644281008.10313,27,1350,0.495431274175644,
1644281053.45145,28,1400,0.526860117912293,
1644281327.65884,34,1700,0.527261793613434,
1644281464.77923,37,1850,0.550657689571381,
1644281516.41785,38,1900,0.539110362529755,
1644281563.1206,39,1950,0.539511978626251,
1644281611.24205,40,2000,0.563912034034729,
1644281661.67752,41,2050,0.560799300670624,
1644281993.14316,48,2400,0.562606692314148,
1644282042.68813,49,2450,0.574053645133972,
1644282089.97068,50,2500,0.548448622226715,
1644282185.65196,52,2600,0.589215755462647,
1644282237.54579,53,2650,0.55929309129715,
1644282341.917,55,2750,0.580982029438019,
1644282478.04519,58,2900,0.583492338657379,
1644282626.14327,61,3050,0.567928493022919,
1644282674.46971,62,3100,0.582689046859741,
1644282724.61314,63,3150,0.594236373901367,
1644282776.9375,64,3200,0.588010847568512,
1644282877.48977,66,3300,0.603173017501831,
1644282925.37996,67,3350,0.596445441246033,
1644282974.84933,68,3400,0.601466000080109,
1644283026.24742,69,3450,0.598855316638947,
1644283127.42167,71,3550,0.586605072021484,
1644283175.92968,72,3600,0.596646249294281,
1644283474.98888,78,3900,0.598252832889557,
1644283575.19368,80,4000,0.597349107265472,
1644283623.03896,81,4050,0.589316189289093,
1644283708.784,83,4150,0.598052024841309,
1644283752.2584,84,4200,0.596345007419586,
1644283852.25928,86,4300,0.61833518743515,
1644284033.2678,90,4500,0.60126519203186,
1644284079.77283,91,4550,0.606988668441772,
1644284288.89264,96,4800,0.623154938220978,
1644284455.86235,100,5000,0.613917052745819,
1644284498.39477,101,5050,0.637915432453156,
1644284626.0245,104,5200,0.619540095329285,
1644284754.84733,107,5350,0.647755801677704,
1644284798.67197,108,5400,0.622251212596893,
1644284878.12074,110,5500,0.632794439792633,
1644285091.14253,115,5750,0.62948089838028,
1644285186.64108,117,5850,0.636710524559021,
1644285420.1092,122,6100,0.637413382530212,
1644285605.72719,126,6300,0.640024125576019,
1644285651.80948,127,6350,0.655487477779388,
1644285744.21708,129,6450,0.622552454471588,
1644285828.37216,131,6550,0.639019966125488,
1644285871.90199,132,6600,0.64223313331604,
1644285916.55229,133,6650,0.630886614322662,
1644286091.7716,137,6850,0.656592011451721,
1644286138.57934,138,6900,0.64283561706543,
1644286408.79659,144,7200,0.65930312871933,
1644286455.07316,145,7250,0.662717163562775,
1644286539.55792,147,7350,0.643739342689514,
1644286585.16071,148,7400,0.654985427856445,
1644286728.4738,151,7550,0.64594841003418,
1644287133.01796,158,7900,0.674565732479095,
1644287250.28747,160,8000,0.672256231307983,
1644287310.13663,161,8050,0.650567352771759,
1644287426.80737,163,8150,0.648659527301788,
1644287548.15525,165,8250,0.650868535041809,
1644287655.20266,167,8350,0.656190395355225,
1644287859.99554,171,8550,0.632091581821442,
1644287912.06058,172,8600,0.67295914888382,
1644287964.07832,173,8650,0.677578091621399,
1644288122.75032,176,8800,0.654282569885254,
1644288173.34792,177,8850,0.671553373336792,
1644288228.66758,178,8900,0.660708904266357,
1644288283.42857,179,8950,0.658299028873444,
1644288382.7773,181,9050,0.659604370594025,
1644288430.65303,182,9100,0.655085861682892,
1644288577.2288,185,9250,0.661010146141052,
1644288620.77755,186,9300,0.66894268989563,
1644288666.85743,187,9350,0.662817537784576,
1644288814.17585,190,9500,0.649764060974121,
1644288860.00077,191,9550,0.649161577224731,
1644288903.64417,192,9600,0.651169776916504,
1644288952.86857,193,9650,0.67235666513443,
1644289083.77785,196,9800,0.673059523105621,
1644289255.95857,200,10000,0.668239772319794,0.677578091621399
1644289297.8408,201,10050,0.6447434425354,
1644289397.26741,203,10150,0.665930330753326,
1644289450.64636,204,10200,0.657495737075806,
1644289502.79482,205,10250,0.665127038955689,
1644289555.98267,206,10300,0.668440580368042,
1644289654.5791,208,10400,0.667838156223297,
1644289758.40916,210,10500,0.659403562545776,
1644289863.53899,212,10600,0.650667726993561,
1644289962.97445,214,10700,0.673561573028564,
1644290069.60095,216,10800,0.661010146141052,
1644290122.02114,217,10850,0.677477657794952,
1644290221.34491,219,10950,0.667436480522156,
1644290273.12615,220,11000,0.684104800224304,
1644290326.56823,221,11050,0.675469398498535,
1644290379.54769,222,11100,0.66894268989563,
1644290432.11925,223,11150,0.674364924430847,
1644290534.31438,225,11250,0.64936238527298,
1644290586.68953,226,11300,0.677678465843201,
1644290791.35398,230,11500,0.666633188724518,
1644291104.09515,236,11800,0.680891633033752,
1644291210.3701,238,11900,0.678180515766144,
1644291263.78241,239,11950,0.688924610614777,
1644291318.54911,240,12000,0.673963248729706,
1644291421.57132,242,12100,0.67175418138504,
1644291470.13956,243,12150,0.685209333896637,
1644291570.43088,245,12250,0.681795358657837,
1644291618.21298,246,12300,0.677879333496094,
1644291662.64218,247,12350,0.686213493347168,
1644291712.69265,248,12400,0.673059523105621,
1644291973.86709,253,12650,0.680690824985504,
1644292032.47946,254,12700,0.685309767723084,
1644292084.73826,255,12750,0.67637312412262,
1644292257.61669,258,12900,0.689024984836578,
1644292319.18404,259,12950,0.681996166706085,
1644292376.16904,260,13000,0.685008525848389,
1644292433.91902,261,13050,0.684205234050751,
1644292561.47881,263,13150,0.692439019680023,
1644292991.05087,271,13550,0.686012625694275,
1644293036.01745,272,13600,0.693744361400604,
1644293182.68039,275,13750,0.689627468585968,
1644293226.30569,276,13800,0.689527034759522,
1644293267.33966,277,13850,0.675067782402039,
1644293358.82245,279,13950,0.688422560691834,
1644293444.0971,281,14050,0.695250511169434,
1644293527.38427,283,14150,0.673561573028564,
1644293573.37238,284,14200,0.691234052181244,
1644293659.60835,286,14300,0.698062062263489,
1644293740.79885,288,14400,0.685309767723084,
1644293784.01907,289,14450,0.684606909751892,
1644293866.25108,291,14550,0.678582191467285,
1644294067.77736,296,14800,0.694447219371796,
1644294105.98828,297,14850,0.674264490604401,
1644294144.40093,298,14900,0.67235666513443,
1644294184.42463,299,14950,0.690631568431854,
1644294426.58127,305,15250,0.685811817646027,
1644294508.91667,307,15350,0.691033244132996,
1644294587.32755,309,15450,0.697258770465851,
1644294627.5841,310,15500,0.696053802967072,
1644294745.74712,313,15650,0.683502376079559,
1644294785.75372,314,15700,0.680590391159058,
1644294908.52229,317,15850,0.708906531333923,
1644294984.51889,319,15950,0.70649665594101,
1644295025.70357,320,16000,0.686615109443665,
1644295146.45523,323,16150,0.702279329299927,
1644295224.56515,325,16250,0.708304047584534,
1644295423.16067,330,16500,0.704689204692841,
1644295464.89458,331,16550,0.676573932170868,
1644295507.74543,332,16600,0.67948591709137,
1644295547.1166,333,16650,0.69223815202713,
1644295747.68042,338,16900,0.698965787887573,
1644295784.94328,339,16950,0.701676845550537,
1644295864.42848,341,17050,0.698463678359985,
1644295985.7037,344,17200,0.707299947738647,
1644296023.26366,345,17250,0.702681005001068,
1644296064.08664,346,17300,0.695752561092377,
1644296104.98344,347,17350,0.708103239536285,
1644296185.66004,349,17450,0.704990446567535,
1644296262.38948,351,17550,0.697057962417603,
1644296346.30361,353,17650,0.693041443824768,
1644296386.31854,354,17700,0.689527034759522,
1644296423.80622,355,17750,0.697961628437042,
1644296583.99305,359,17950,0.711918890476227,
1644296659.58501,361,18050,0.695451378822327,
1644296740.17573,363,18150,0.711918890476227,
1644296781.76712,364,18200,0.711416780948639,
1644296820.92561,365,18250,0.688322126865387,
1644296858.96038,366,18300,0.693844735622406,
1644296898.616,367,18350,0.687920451164246,
1644296939.53111,368,18400,0.701275229454041,
1644296979.86831,369,18450,0.708002805709839,
1644297219.76196,375,18750,0.677979707717896,
1644297336.29797,378,18900,0.711617648601532,
1644297377.19402,379,18950,0.691535294055939,
1644297655.87537,386,19300,0.689828276634216,
1644297692.81263,387,19350,0.689527034759522,
1644297853.81877,391,19550,0.705090880393982,
1644297891.00962,392,19600,0.712320506572723,
1644297928.75706,393,19650,0.704287588596344,
1644297969.43972,394,19700,0.703885912895203,
1644298010.86882,395,19750,0.684406042098999,
1644298052.36771,396,19800,0.695250511169434,
1644298092.43623,397,19850,0.69193696975708,
1644298130.82693,398,19900,0.697258770465851,
1644298169.21121,399,19950,0.704187154769897,
1644298210.0658,400,20000,0.699869453907013,
1644298292.43362,402,20100,0.696555852890015,
1644298329.7716,403,20150,0.690129518508911,
1644298408.15462,405,20250,0.697961628437042,
1644298566.1719,409,20450,0.700371503829956,
1644298606.43502,410,20500,0.687217593193054,
1644298727.6859,413,20650,0.70187771320343,
1644298766.52649,414,20700,0.71643739938736,
1644298804.91805,415,20750,0.704387962818146,
1644298846.47698,416,20800,0.709709823131561,
1644298967.02422,419,20950,0.700672745704651,
1644299088.25657,422,21100,0.686916351318359,
1644299128.98652,423,21150,0.69685709476471,
1644299243.94231,426,21300,0.700572371482849,
1644299284.81776,427,21350,0.697560012340546,
1644299440.76316,431,21550,0.690631568431854,
1644299480.7612,432,21600,0.694949269294739,
1644299600.23185,435,21750,0.70338386297226,
1644299638.11101,436,21800,0.710111439228058,
1644299679.12284,437,21850,0.70930814743042,
1644299720.6957,438,21900,0.70278137922287,
1644299761.10331,439,21950,0.683803617954254,
1644299799.01913,440,22000,0.701174795627594,
1644299837.14319,441,22050,0.715533673763275,
1644299877.35106,442,22100,0.70278137922287,
1644299959.13196,444,22200,0.696656286716461,
1644299997.84085,445,22250,0.701576471328735,
1644300035.28059,446,22300,0.715533673763275,
1644300075.13878,447,22350,0.71834522485733,
1644300234.96968,451,22550,0.711617648601532,
1644300273.39224,452,22600,0.706697463989258,
1644300314.97306,453,22650,0.694447219371796,
1644300356.74824,454,22700,0.711617648601532,
1644300398.10354,455,22750,0.703986346721649,
1644300472.86034,457,22850,0.70529168844223,
1644300555.30587,459,22950,0.690531194210053,
1644300635.34165,461,23050,0.699769079685211,
1644300672.28069,462,23100,0.722160875797272,
1644300796.59718,465,23250,0.710713922977448,
1644300835.3856,466,23300,0.695150136947632,
1644300873.07754,467,23350,0.714429140090942,
1644300953.19606,469,23450,0.714027523994446,
1644301033.63016,471,23550,0.718746840953827,
1644301191.76433,475,23750,0.700471937656403,
1644301232.62164,476,23800,0.707701563835144,
1644301350.36503,479,23950,0.714228332042694,
1644301391.30617,480,24000,0.718043982982636,
1644301432.08089,481,24050,0.706898272037506,
1644301470.3457,482,24100,0.705392122268677,
1644301507.50195,483,24150,0.703584671020508,
1644301547.14562,484,24200,0.710412681102753,
1644301589.52671,485,24250,0.710713922977448,
1644301668.97805,487,24350,0.704086780548096,
1644301706.17036,488,24400,0.720554292201996,
1644301745.20626,489,24450,0.700873553752899,
1644301785.77114,490,24500,0.713625848293304,
1644301866.90888,492,24600,0.709709823131561,
1644301982.85336,495,24750,0.722763299942017,
1644302141.45151,499,24950,0.710513114929199,
1644302263.26191,502,25100,0.713927090167999,
1644302302.89758,503,25150,0.726578950881958,
1644302340.31785,504,25200,0.732804477214813,
1644302460.56825,507,25350,0.707199513912201,
1644302538.5113,509,25450,0.697861254215241,
1644302577.02943,510,25500,0.718746840953827,
1644302617.42315,511,25550,0.726779818534851,
1644302658.16312,512,25600,0.71834522485733,
1644302699.00914,513,25650,0.718244791030884,
1644302736.28277,514,25700,0.734511494636536,
1644302773.33479,515,25750,0.723767459392548,
1644302895.81094,518,25900,0.712521314620972,
1644302935.34874,519,25950,0.717541933059692,
1644302972.1715,520,26000,0.721658825874329,
1644303011.734,521,26050,0.707299947738647,
1644303132.96748,524,26200,0.724972367286682,
1644303409.01915,531,26550,0.725574851036072,
1644303533.74238,534,26700,0.719048082828522,
1644303571.55334,535,26750,0.69996988773346,
1644303648.76404,537,26850,0.70278137922287,
1644303689.78669,538,26900,0.721960008144379,
1644303731.66899,539,26950,0.71242094039917,
1644303770.42167,540,27000,0.716839015483856,
1644303807.40558,541,27050,0.708605289459229,
1644303888.30206,543,27150,0.697760820388794,
1644303929.96011,544,27200,0.716336965560913,
1644303969.9492,545,27250,0.725173234939575,
1644304047.14677,547,27350,0.713525474071503,
1644304088.30307,548,27400,0.705090880393982,
1644304207.61837,551,27550,0.720855534076691,
1644304286.82292,553,27650,0.712822556495667,
1644304369.66974,555,27750,0.722662925720215,
1644304407.29595,556,27800,0.71985137462616,
1644304444.65089,557,27850,0.707299947738647,
1644304625.02625,563,28150,0.711718022823334,
1644304647.51192,564,28200,0.715433299541473,
1644304670.07781,565,28250,0.706797897815704,
1644304760.2496,569,28450,0.714931190013886,
1644304828.57953,572,28600,0.723968267440796,
1644304872.98324,574,28700,0.72637814283371,
1644304940.28699,577,28850,0.719751000404358,
1644305032.3397,581,29050,0.716537833213806,
1644305124.18133,585,29250,0.72296416759491,
1644305147.18414,586,29300,0.714630007743835,
1644305170.29449,587,29350,0.711517214775085,
1644305216.04005,589,29450,0.71834522485733,
1644305260.99636,591,29550,0.723767459392548,
1644305283.16757,592,29600,0.717039883136749,
1644305305.34084,593,29650,0.700873553752899,
1644305349.87849,595,29750,0.717039883136749,
1644305394.33955,597,29850,0.727181434631348,
1644305416.47093,598,29900,0.70649665594101,
1644305438.98028,599,29950,0.714027523994446,
1644305461.79435,600,30000,0.734009444713593,
1644305506.88415,602,30100,0.721357583999634,
1644305529.24689,603,30150,0.708504855632782,
1644305551.67214,604,30200,0.714127898216248,
1644305596.69542,606,30300,0.702982246875763,
1644305664.11881,609,30450,0.723867833614349,
1644305709.15581,611,30550,0.726076900959015,
1644305778.21401,614,30700,0.712822556495667,
1644305801.02314,615,30750,0.728386402130127,
1644305846.25192,617,30850,0.716939449310303,
1644305892.45312,619,30950,0.728587210178375,
1644305938.08227,621,31050,0.722863733768463,
1644305982.90719,623,31150,0.730394601821899,
1644306005.19375,624,31200,0.731900811195374,
1644306072.47769,627,31350,0.722763299942017,
1644306117.55405,629,31450,0.712119698524475,
1644306140.03711,630,31500,0.729691743850708,
1644306230.00761,634,31700,0.734411060810089,
1644306275.76041,636,31800,0.736218512058258,
1644306320.65048,638,31900,0.71834522485733,
1644306387.25753,641,32050,0.714931190013886,
1644306409.76156,642,32100,0.708103239536285,
1644306432.77533,643,32150,0.720755100250244,
1644306455.82908,644,32200,0.710513114929199,
1644306478.61181,645,32250,0.732603669166565,
1644306501.01859,646,32300,0.714429140090942,
1644306590.03679,650,32500,0.721960008144379,
1644306634.74199,652,32600,0.709810197353363,
1644306657.79196,653,32650,0.710312306880951,
1644306681.01824,654,32700,0.723365783691406,
1644306703.45039,655,32750,0.726880192756653,
1644306726.00176,656,32800,0.727783918380737,
1644306793.06928,659,32950,0.731699943542481,
1644306815.5681,660,33000,0.719048082828522,
1644306837.77528,661,33050,0.726578950881958,
1644306997.58794,668,33400,0.722863733768463,
1644307065.23921,671,33550,0.715132057666779,
1644307178.70689,676,33800,0.732202053070068,
1644307201.71041,677,33850,0.706195414066315,
1644307224.52429,678,33900,0.727382242679596,
1644307291.80993,681,34050,0.728988826274872,
1644307338.32342,683,34150,0.724369943141937,
1644307361.23452,684,34200,0.725374042987824,
1644307384.10143,685,34250,0.715332865715027,
1644307450.71558,688,34400,0.726478576660156,
1644307563.7249,693,34650,0.728486776351929,
1644307608.8862,695,34750,0.725574851036072,
1644307631.66148,696,34800,0.718144416809082,
1644307654.54205,697,34850,0.731097519397736,
1644307677.23852,698,34900,0.716738641262054,
1644307722.71238,700,35000,0.725072801113129,
1644307791.10626,703,35150,0.711718022823334,
1644307813.77448,704,35200,0.722763299942017,
1644307859.37408,706,35300,0.726177334785461,
1644307948.32427,710,35500,0.722060441970825,
1644307970.84712,711,35550,0.723867833614349,
1644308016.57889,713,35650,0.722160875797272,
1644308085.33629,716,35800,0.727281868457794,
1644308130.7342,718,35900,0.72979211807251,
1644308175.42827,720,36000,0.737222611904144,
1644308197.97754,721,36050,0.733808636665344,
1644308220.27097,722,36100,0.716939449310303,
1644308264.74346,724,36200,0.698363304138184,
1644308309.01779,726,36300,0.717742741107941,
1644308331.54652,727,36350,0.718746840953827,
1644308353.97113,728,36400,0.728788018226624,
1644308376.67314,729,36450,0.726679384708405,
1644308399.32079,730,36500,0.717341125011444,
1644308445.39346,732,36600,0.725072801113129,
1644308468.44523,733,36650,0.72487199306488,
1644308491.35218,734,36700,0.73290491104126,
1644308605.81449,739,36950,0.725876092910767,
1644308628.70555,740,37000,0.721357583999634,
1644308651.69624,741,37050,0.718546032905579,
1644308697.33597,743,37150,0.727783918380737,
1644308719.90721,744,37200,0.727984726428986,
1644308742.62473,745,37250,0.71643739938736,
1644308765.43624,746,37300,0.723265409469605,
1644308921.13625,753,37650,0.718043982982636,
1644308990.84275,756,37800,0.719951808452606,
1644309013.94374,757,37850,0.703082621097565,
1644309059.60538,759,37950,0.718244791030884,
1644309171.53409,764,38200,0.729189693927765,
1644309193.69884,765,38250,0.725574851036072,
1644309216.42541,766,38300,0.733607769012451,
1644309283.49108,769,38450,0.734611928462982,
1644309305.78584,770,38500,0.726980626583099,
1644309372.34888,773,38650,0.714228332042694,
1644309394.63573,774,38700,0.720152616500855,
1644309440.3736,776,38800,0.734511494636536,
1644309462.94818,777,38850,0.720152616500855,
1644309507.35046,779,38950,0.733406960964203,
1644309529.85807,780,39000,0.723867833614349,
1644309552.19682,781,39050,0.734411060810089,
1644309574.521,782,39100,0.733206152915955,
1644309596.59712,783,39150,0.735716462135315,
1644309730.79528,789,39450,0.718847274780273,
1644309753.87085,790,39500,0.718746840953827,
1644309799.76744,792,39600,0.722462117671967,
1644309845.53427,794,39700,0.732503235340118,
1644309891.19677,796,39800,0.719349324703217,
1644309914.07858,797,39850,0.714027523994446,
1644309982.20044,800,40000,0.720052242279053,
1644310004.92256,801,40050,0.718646466732025,
1644310096.25161,805,40250,0.734611928462982,
1644310119.18735,806,40300,0.730796277523041,
1644310141.96126,807,40350,0.726980626583099,
1644310164.67842,808,40400,0.740435779094696,
1644310233.04711,811,40550,0.735816836357117,
1644310301.34928,814,40700,0.72828596830368,
1644310414.25601,819,40950,0.730695843696594,
1644310436.32274,820,41000,0.729189693927765,
1644310480.90177,822,41100,0.727382242679596,
1644310503.21911,823,41150,0.722060441970825,
1644310525.41682,824,41200,0.702178955078125,
1644310569.99331,826,41300,0.723365783691406,
1644310593.01965,827,41350,0.713425040245056,
1644310615.81714,828,41400,0.720554292201996,
1644310638.79812,829,41450,0.729390501976013,
1644310730.71137,833,41650,0.73541522026062,
1644310753.55551,834,41700,0.730997085571289,
1644310799.03125,836,41800,0.731298327445984,
1644310821.86876,837,41850,0.734712302684784,
1644310844.79914,838,41900,0.728386402130127,
1644310890.38946,840,42000,0.727783918380737,
1644310913.42568,841,42050,0.715935349464417,
1644310982.53677,844,42200,0.729189693927765,
1644311026.85247,846,42300,0.738126337528229,
1644311138.89238,851,42550,0.735214352607727,
1644311161.48336,852,42600,0.742142796516418,
1644311230.13531,855,42750,0.732001185417175,
1644311298.06881,858,42900,0.740536212921143,
1644311367.00328,861,43050,0.734310686588287,
1644311412.75965,863,43150,0.727683484554291,
1644311480.76167,866,43300,0.720554292201996,
1644311503.53339,867,43350,0.721859633922577,
1644311594.74633,871,43550,0.722662925720215,
1644311617.73502,872,43600,0.715332865715027,
1644311845.10483,882,44100,0.734411060810089,
1644311890.56255,884,44200,0.729290068149567,
1644311914.51747,885,44250,0.735214352607727,
1644311937.25534,886,44300,0.733808636665344,
1644311960.22185,887,44350,0.73290491104126,
1644312005.93367,889,44450,0.735113978385925,
1644312051.48931,891,44550,0.736921370029449,
1644312096.92916,893,44650,0.728386402130127,
1644312165.08565,896,44800,0.722662925720215,
1644312210.64854,898,44900,0.715132057666779,
1644312233.50976,899,44950,0.730294227600098,
1644312301.80964,902,45100,0.725374042987824,
1644312324.20688,903,45150,0.724671125411987,
1644312368.79772,905,45250,0.733607769012451,
1644312412.97313,907,45350,0.733206152915955,
1644312435.21322,908,45400,0.721156716346741,
1644312457.39262,909,45450,0.748870372772217,
1644312501.86551,911,45550,0.733507394790649,
1644312524.0861,912,45600,0.731800377368927,
1644312590.43756,915,45750,0.737222611904144,
1644312679.45932,919,45950,0.73882919549942,
1644312701.8034,920,46000,0.720955908298492,
1644312746.13813,922,46100,0.716738641262054,
1644312791.25868,924,46200,0.737323045730591,
1644312880.76225,928,46400,0.739130437374115,
1644312903.63357,929,46450,0.72979211807251,
1644312926.01682,930,46500,0.737925469875336,
1644312948.5361,931,46550,0.731800377368927,
1644312971.14136,932,46600,0.728486776351929,
1644312993.72176,933,46650,0.719048082828522,
1644313016.01135,934,46700,0.740034162998199,
1644313061.05012,936,46800,0.741439878940582,
1644313151.15461,940,47000,0.729390501976013,
1644313196.34656,942,47100,0.72175920009613,
1644313218.81523,943,47150,0.731197893619537,
1644313286.13678,946,47300,0.738728761672974,
1644313375.77137,950,47500,0.735515594482422,
1644313442.31258,953,47650,0.729189693927765,
1644313488.3253,955,47750,0.733808636665344,
1644313510.869,956,47800,0.728185534477234,
1644313533.10049,957,47850,0.728386402130127,
1644313622.9116,961,48050,0.723064541816711,
1644313668.53987,963,48150,0.733306527137756,
1644313691.29234,964,48200,0.718244791030884,
1644313713.45457,965,48250,0.730294227600098,
1644313737.03824,966,48300,0.72979211807251,
1644313782.06183,968,48400,0.736419320106506,
1644313804.418,969,48450,0.746058821678162,
1644313871.61783,972,48600,0.728085160255432,
1644313983.91358,977,48850,0.721056342124939,
1644314029.39044,979,48950,0.726779818534851,
1644314052.15763,980,49000,0.727783918380737,
1644314097.15967,982,49100,0.723566651344299,
1644314119.6842,983,49150,0.721960008144379,
1644314210.65718,987,49350,0.732804477214813,
1644314256.51277,989,49450,0.734812736511231,
1644314278.79216,990,49500,0.73631888628006,
1644314301.46945,991,49550,0.734009444713593,
1644314346.85636,993,49650,0.729189693927765,
1644314391.64833,995,49750,0.719751000404358,
1644314413.84615,996,49800,0.734009444713593,
1644314436.21927,997,49850,0.740837454795837,
1644314480.75715,999,49950,0.740937829017639,
1644314502.99166,1000,50000,0.739030003547668,
1644314547.35807,1002,50100,0.728587210178375,
1644314569.58226,1003,50150,0.724068701267242,
1644314591.92434,1004,50200,0.73290491104126,
1644314614.12317,1005,50250,0.725876092910767,
1644314636.4822,1006,50300,0.720855534076691,
1644314659.11025,1007,50350,0.740837454795837,
1644314772.58508,1012,50600,0.734812736511231,
1644314818.20631,1014,50700,0.732603669166565,
1644314863.75937,1016,50800,0.722863733768463,
1644314886.14501,1017,50850,0.72637814283371,
1644314908.41185,1018,50900,0.730193793773651,
1644315022.96148,1023,51150,0.715634107589722,
1644315113.79673,1027,51350,0.73290491104126,
1644315158.21136,1029,51450,0.727683484554291,
1644315180.15822,1030,51500,0.726076900959015,
1644315313.5536,1036,51800,0.729290068149567,
1644315336.14284,1037,51850,0.735515594482422,
1644315358.27112,1038,51900,0.730997085571289,
1644315380.3199,1039,51950,0.731097519397736,
1644315402.59055,1040,52000,0.73541522026062,
1644315491.34037,1044,52200,0.738126337528229,
1644315536.48984,1046,52300,0.719751000404358,
1644315559.05339,1047,52350,0.71985137462616,
1644315693.26569,1053,52650,0.737222611904144,
1644315715.45484,1054,52700,0.720453858375549,
1644315782.02466,1057,52850,0.739833295345306,
1644315828.27868,1059,52950,0.72296416759491,
1644315851.47134,1060,53000,0.731800377368927,
1644315874.15275,1061,53050,0.727683484554291,
1644315919.9051,1063,53150,0.734310686588287,
1644315987.96353,1066,53300,0.72296416759491,
1644316010.85125,1067,53350,0.730595469474793,
1644316032.90321,1068,53400,0.733909010887146,
1644316077.44157,1070,53500,0.733909010887146,
1644316099.81085,1071,53550,0.732402861118317,
1644316121.93833,1072,53600,0.725876092910767,
1644316144.01913,1073,53650,0.744351863861084,
1644316166.17301,1074,53700,0.723064541816711,
1644316188.46108,1075,53750,0.735214352607727,
1644316254.88488,1078,53900,0.739732921123505,
1644316277.17804,1079,53950,0.735515594482422,
1644316321.59276,1081,54050,0.722261250019074,
1644316343.81148,1082,54100,0.737624287605286,
1644316366.52681,1083,54150,0.741439878940582,
1644316433.09895,1086,54300,0.740536212921143,
1644316455.29856,1087,54350,0.735013544559479,
1644316478.17632,1088,54400,0.735013544559479,
1644316567.85977,1092,54600,0.736921370029449,
1644316589.98594,1093,54650,0.735113978385925,
1644316612.34212,1094,54700,0.741841554641724,
1644316723.69802,1099,54950,0.731900811195374,
1644316768.27147,1101,55050,0.738226711750031,
1644316812.91377,1103,55150,0.739030003547668,
1644316834.96604,1104,55200,0.738327145576477,
1644316857.93932,1105,55250,0.734109878540039,
1644316926.71461,1108,55400,0.747765839099884,
1644316949.37071,1109,55450,0.723466217517853,
1644316972.31219,1110,55500,0.733708202838898,
1644316995.11151,1111,55550,0.730796277523041,
1644317017.93229,1112,55600,0.730093359947205,
1644317040.63292,1113,55650,0.726578950881958,
1644317063.51002,1114,55700,0.718646466732025,
1644317086.73119,1115,55750,0.736519753932953,
1644317131.61041,1117,55850,0.746962547302246,
1644317199.24835,1120,56000,0.727382242679596,
1644317244.87118,1122,56100,0.738226711750031,
1644317267.81481,1123,56150,0.72577565908432,
1644317336.03554,1126,56300,0.740536212921143,
1644317358.77343,1127,56350,0.740034162998199,
1644317404.13124,1129,56450,0.742343604564667,
1644317427.00943,1130,56500,0.741741120815277,
1644317450.70555,1131,56550,0.734611928462982,
1644317473.17505,1132,56600,0.737122178077698,
1644317495.12938,1133,56650,0.717441499233246,
1644317539.56015,1135,56750,0.74997490644455,
1644317562.02271,1136,56800,0.731800377368927,
1644317583.92534,1137,56850,0.729892551898956,
1644317652.75732,1140,57000,0.744552671909332,
1644317721.74175,1143,57150,0.738929629325867,
1644317788.95837,1146,57300,0.734009444713593,
1644317811.47518,1147,57350,0.740636587142944,
1644317855.89797,1149,57450,0.73541522026062,
1644317878.73338,1150,57500,0.736620128154755,
1644317901.53718,1151,57550,0.744853913784027,
1644317924.3552,1152,57600,0.727482676506043,
1644317947.07024,1153,57650,0.734310686588287,
1644317969.8132,1154,57700,0.729892551898956,
1644318014.37215,1156,57800,0.73882919549942,
1644318126.24511,1161,58050,0.733406960964203,
1644318172.03258,1163,58150,0.732704102993012,
1644318217.17658,1165,58250,0.735917270183563,
1644318261.56932,1167,58350,0.72949093580246,
1644318284.02884,1168,58400,0.722662925720215,
1644318419.92922,1174,58700,0.733909010887146,
1644318442.9069,1175,58750,0.741339504718781,
1644318488.18883,1177,58850,0.723164975643158,
1644318510.47245,1178,58900,0.722662925720215,
1644318533.40155,1179,58950,0.728085160255432,
1644318624.5304,1183,59150,0.737724661827087,
1644318670.36243,1185,59250,0.727382242679596,
1644318719.31919,1187,59350,0.724269509315491,
1644318767.8295,1189,59450,0.743749380111694,
1644318793.30486,1190,59500,0.729089260101318,
1644318818.97234,1191,59550,0.729892551898956,
1644318889.42606,1194,59700,0.737423419952393,
1644318913.90386,1195,59750,0.732603669166565,
1644318938.83529,1196,59800,0.723867833614349,
1644318988.71538,1198,59900,0.736118078231812,
1644319015.39626,1199,59950,0.736921370029449,
1644319104.17623,1202,60100,0.72637814283371,
1644319136.38251,1203,60150,0.742544412612915,
1644319222.45888,1206,60300,0.719349324703217,
1644319250.65731,1207,60350,0.734109878540039,
1644319278.05748,1208,60400,0.725675284862518,
1644319334.63955,1210,60500,0.734913170337677,
1644319449.44315,1214,60700,0.728988826274872,
1644319477.6718,1215,60750,0.729189693927765,
1644319505.25024,1216,60800,0.73230242729187,
1644319561.31448,1218,60900,0.748067080974579,
1644319589.35722,1219,60950,0.737423419952393,
1644319735.11643,1224,61200,0.726679384708405,
1644319793.55247,1226,61300,0.731800377368927,
1644319878.17078,1229,61450,0.730093359947205,
1644319906.50275,1230,61500,0.735716462135315,
1644319993.20308,1233,61650,0.722060441970825,
1644320021.93258,1234,61700,0.713525474071503,
1644320166.8503,1239,61950,0.737523853778839,
1644320224.03294,1241,62050,0.731900811195374,
1644320252.13245,1242,62100,0.736820936203003,
1644320280.71095,1243,62150,0.727884352207184,
1644320309.3413,1244,62200,0.740234971046448,
1644320338.32062,1245,62250,0.733406960964203,
1644320367.64353,1246,62300,0.731900811195374,
1644320396.93416,1247,62350,0.738728761672974,
1644320482.79384,1250,62500,0.726578950881958,
1644320511.87322,1251,62550,0.740234971046448,
1644320541.20881,1252,62600,0.730997085571289,
1644320570.07106,1253,62650,0.720453858375549,
1644320634.56556,1255,62750,0.732603669166565,
1644320695.26431,1257,62850,0.738327145576477,
1644320723.85605,1258,62900,0.730394601821899,
1644320814.81125,1261,63050,0.731900811195374,
1644320841.51897,1262,63100,0.726277709007263,
1644320925.96207,1265,63250,0.735816836357117,
1644321015.89858,1268,63400,0.743247330188751,
1644321130.7695,1272,63600,0.72577565908432,
1644321265.8583,1277,63850,0.735917270183563,
1644321294.14095,1278,63900,0.736017644405365,
1644321321.16699,1279,63950,0.714730381965637,
1644321429.31998,1283,64150,0.732001185417175,
1644321510.82891,1286,64300,0.740737020969391,
1644321646.99654,1291,64550,0.735716462135315,
1644321728.38464,1294,64700,0.727783918380737,
1644321813.24568,1297,64850,0.731599569320679,
1644321868.58975,1299,64950,0.735816836357117,
1644321895.45969,1300,65000,0.736118078231812,
1644321977.41484,1303,65150,0.738929629325867,
1644322086.67625,1307,65350,0.732603669166565,
1644322194.90972,1311,65550,0.737523853778839,
1644322302.81161,1315,65750,0.737925469875336,
1644322329.07779,1316,65800,0.733909010887146,
1644322463.72177,1321,66050,0.737323045730591,
1644322519.76788,1323,66150,0.743548572063446,
1644322546.54247,1324,66200,0.740937829017639,
1644322600.28553,1326,66300,0.733306527137756,
1644322627.94494,1327,66350,0.739833295345306,
1644322682.55788,1329,66450,0.732402861118317,
1644322872.53272,1336,66800,0.758509874343872,
1644323119.44663,1345,67250,0.733306527137756,
1644323149.64344,1346,67300,0.730193793773651,
1644323202.42206,1348,67400,0.738025903701782,
1644323227.22809,1349,67450,0.741339504718781,
1644323302.72306,1352,67600,0.735917270183563,
1644323329.57788,1353,67650,0.731599569320679,
1644323385.62009,1355,67750,0.741540312767029,
1644323486.42227,1359,67950,0.719951808452606,
1644323539.31896,1361,68050,0.741439878940582,
1644323644.02471,1365,68250,0.737523853778839,
1644323670.70564,1366,68300,0.750677764415741,
1644323699.86304,1367,68350,0.733708202838898,
1644323728.34208,1368,68400,0.725374042987824,
1644323756.2534,1369,68450,0.732402861118317,
1644323869.46402,1373,68650,0.72236168384552,
1644323895.94166,1374,68700,0.728185534477234,
1644323952.06751,1376,68800,0.740737020969391,
1644323979.95498,1377,68850,0.714830815792084,
1644324088.56498,1381,69050,0.725072801113129,
1644324215.67488,1386,69300,0.738025903701782,
1644324241.2143,1387,69350,0.731599569320679,
1644324340.63423,1391,69550,0.738025903701782,
1644324414.52406,1394,69700,0.719751000404358,
1644324488.43706,1397,69850,0.727482676506043,
1644324512.8512,1398,69900,0.735816836357117,
1644324562.38903,1400,70000,0.743448138237,
1644324586.17574,1401,70050,0.739732921123505,
1644324661.03492,1404,70200,0.743046462535858,
1644324712.04406,1406,70300,0.732704102993012,
1644324912.11944,1414,70700,0.744954288005829,
1644324986.4094,1417,70850,0.725876092910767,
1644325012.03597,1418,70900,0.738628387451172,
1644325061.62062,1420,71000,0.740737020969391,
1644325112.5697,1422,71100,0.745858013629913,
1644325137.93865,1423,71150,0.745757579803467,
1644325363.04167,1432,71600,0.736118078231812,
1644325387.83349,1433,71650,0.748669564723969,
1644325489.36693,1437,71850,0.727482676506043,
1644325538.50484,1439,71950,0.747464597225189,
1644325563.01504,1440,72000,0.735515594482422,
1644325587.74461,1441,72050,0.723365783691406,
1644325612.26642,1442,72100,0.718144416809082,
1644325686.95885,1445,72250,0.734009444713593,
1644325737.82706,1447,72350,0.737624287605286,
1644325763.17945,1448,72400,0.736419320106506,
1644325787.41954,1449,72450,0.723265409469605,
1644325813.0603,1450,72500,0.733507394790649,
1644325838.47749,1451,72550,0.741038262844086,
1644325863.93642,1452,72600,0.725273609161377,
1644325889.34767,1453,72650,0.740234971046448,
1644325939.86696,1455,72750,0.726880192756653,
1644325965.18884,1456,72800,0.737825095653534,
1644325991.33104,1457,72850,0.735013544559479,
1644326017.91308,1458,72900,0.739331245422363,
1644326044.93024,1459,72950,0.72577565908432,
1644326072.67793,1460,73000,0.733105719089508,
1644326099.11423,1461,73050,0.736419320106506,
1644326125.96579,1462,73100,0.737323045730591,
1644326177.84955,1464,73200,0.727281868457794,
1644326363.78799,1471,73550,0.73943167924881,
1644326441.28952,1474,73700,0.747866272926331,
1644326467.25563,1475,73750,0.75529670715332,
1644326520.67892,1477,73850,0.743347704410553,
1644326546.69072,1478,73900,0.724470317363739,
1644326651.15728,1482,74100,0.727081060409546,
1644326676.85934,1483,74150,0.733808636665344,
1644326702.48283,1484,74200,0.747665405273438,
1644326801.24787,1488,74400,0.73943167924881,
1644326825.93436,1489,74450,0.741138696670532,
1644326850.58693,1490,74500,0.743347704410553,
1644326875.28332,1491,74550,0.74535596370697,
1644326899.94961,1492,74600,0.738427579402924,
1644326949.14387,1494,74700,0.737323045730591,
1644326974.32023,1495,74750,0.738327145576477,
1644327072.92673,1499,74950,0.739933729171753,
1644327097.91817,1500,75000,0.743548572063446,
1644327123.13398,1501,75050,0.74284565448761,
1644327173.6214,1503,75150,0.7565016746521,
1644327245.57367,1506,75300,0.733607769012451,
1644327341.96092,1510,75500,0.742946088314056,
1644327366.66344,1511,75550,0.732503235340118,
1644327391.25441,1512,75600,0.730294227600098,
1644327441.84041,1514,75700,0.739632487297058,
1644327490.85677,1516,75800,0.742745280265808,
1644327515.21873,1517,75850,0.742745280265808,
1644327684.79612,1524,76200,0.733105719089508,
1644327754.04415,1527,76350,0.740435779094696,
1644327798.96137,1529,76450,0.749171614646912,
1644327936.77768,1535,76750,0.740937829017639,
1644328007.84859,1538,76900,0.74284565448761,
1644328032.99037,1539,76950,0.732202053070068,
1644328107.48413,1542,77100,0.724771559238434,
1644328205.44255,1546,77300,0.74033534526825,
1644328253.90416,1548,77400,0.732503235340118,
1644328278.49493,1549,77450,0.739130437374115,
1644328350.82262,1552,77600,0.745858013629913,
1644328374.80209,1553,77650,0.744452238082886,
1644328398.32598,1554,77700,0.733708202838898,
1644328444.52929,1556,77800,0.741439878940582,
1644328491.72931,1558,77900,0.742343604564667,
1644328612.00721,1563,78150,0.738126337528229,
1644328659.98709,1565,78250,0.734812736511231,
1644328684.53251,1566,78300,0.731197893619537,
1644328708.06086,1567,78350,0.738025903701782,
1644328756.31267,1569,78450,0.731097519397736,
1644328808.57646,1571,78550,0.726679384708405,
1644328834.29417,1572,78600,0.749271988868713,
1644328858.54908,1573,78650,0.74997490644455,
1644328883.37759,1574,78700,0.732001185417175,
1644328956.70377,1577,78850,0.736820936203003,
1644329007.03876,1579,78950,0.730294227600098,
1644329030.33208,1580,79000,0.724570751190186,
1644329054.07675,1581,79050,0.740234971046448,
1644329078.15154,1582,79100,0.728185534477234,
1644329101.98571,1583,79150,0.739532053470612,
1644329175.9976,1586,79300,0.741239070892334,
1644329298.34694,1591,79550,0.739030003547668,
1644329416.64953,1596,79800,0.736720561981201,
1644329440.07326,1597,79850,0.74937242269516,
1644329464.31414,1598,79900,0.73943167924881,
1644329559.6269,1602,80100,0.755597949028015,
1644329585.12295,1603,80150,0.72888845205307,
1644329610.96387,1604,80200,0.740737020969391,
1644329778.20479,1611,80550,0.740234971046448,
1644329801.56862,1612,80600,0.744853913784027,
1644329851.32967,1614,80700,0.734611928462982,
1644329876.30545,1615,80750,0.742444038391113,
1644329924.28438,1617,80850,0.749874472618103,
1644330020.49672,1621,81050,0.733507394790649,
1644330067.633,1623,81150,0.747263789176941,
1644330115.74035,1625,81250,0.74595844745636,
1644330165.98978,1627,81350,0.740636587142944,
1644330189.99621,1628,81400,0.732101619243622,
1644330283.67913,1632,81600,0.749171614646912,
1644330382.9551,1636,81800,0.743849754333496,
1644330407.00205,1637,81850,0.735515594482422,
1644330430.20563,1638,81900,0.739030003547668,
1644330453.07124,1639,81950,0.742444038391113,
1644330498.61874,1641,82050,0.739833295345306,
1644330521.51795,1642,82100,0.751481056213379,
1644330636.80525,1647,82350,0.737724661827087,
1644330660.20364,1648,82400,0.741841554641724,
1644330709.60938,1650,82500,0.744050621986389,
1644330761.86681,1652,82600,0.739331245422363,
1644330786.95631,1653,82650,0.743448138237,
1644330812.85632,1654,82700,0.735816836357117,
1644330837.10143,1655,82750,0.735616028308868,
1644330886.96174,1657,82850,0.737222611904144,
1644330936.96115,1659,82950,0.74033534526825,
1644331033.09262,1663,83150,0.741640746593475,
1644331082.90039,1665,83250,0.734712302684784,
1644331133.15996,1667,83350,0.735917270183563,
1644331206.23778,1670,83500,0.740737020969391,
1644331228.93922,1671,83550,0.742745280265808,
1644331325.71127,1675,83750,0.733507394790649,
1644331395.1455,1678,83900,0.741339504718781,
1644331441.33428,1680,84000,0.738427579402924,
1644331465.01693,1681,84050,0.731197893619537,
1644331488.04203,1682,84100,0.733808636665344,
1644331511.46027,1683,84150,0.728988826274872,
1644331581.08889,1686,84300,0.749774098396301,
1644331605.15164,1687,84350,0.750778198242188,
1644331628.8994,1688,84400,0.736218512058258,
1644331652.22633,1689,84450,0.724470317363739,
1644331674.83201,1690,84500,0.737423419952393,
1644331697.7311,1691,84550,0.732402861118317,
1644331769.99797,1694,84700,0.748870372772217,
1644331794.85635,1695,84750,0.730495035648346,
1644331820.87928,1696,84800,0.74284565448761,
1644331869.43738,1698,84900,0.726779818534851,
1644331894.80643,1699,84950,0.731298327445984,
1644331920.56949,1700,85000,0.736720561981201,
1644331945.57935,1701,85050,0.750677764415741,
1644332000.98743,1703,85150,0.72175920009613,
1644332047.01368,1705,85250,0.719148516654968,
1644332118.75505,1708,85400,0.739030003547668,
1644332164.06473,1710,85500,0.743548572063446,
1644332186.41344,1711,85550,0.751581490039825,
1644332208.78861,1712,85600,0.744853913784027,
1644332231.08025,1713,85650,0.749774098396301,
1644332366.45254,1719,85950,0.75188273191452,
1644332388.83684,1720,86000,0.750577390193939,
1644332466.48215,1723,86150,0.734310686588287,
1644332492.64043,1724,86200,0.733507394790649,
1644332517.46392,1725,86250,0.742142796516418,
1644332542.12775,1726,86300,0.739331245422363,
1644332681.35652,1731,86550,0.74284565448761,
1644332880.45265,1739,86950,0.743749380111694,
1644332905.2319,1740,87000,0.736419320106506,
1644332929.16822,1741,87050,0.750075280666351,
1644333017.89104,1744,87200,0.740234971046448,
1644333077.10422,1746,87300,0.713525474071503,
1644333165.57566,1749,87450,0.735716462135315,
1644333196.21395,1750,87500,0.75248521566391,
1644333223.74994,1751,87550,0.731599569320679,
1644333249.82014,1752,87600,0.751280248165131,
1644333301.1744,1754,87700,0.740134537220001,
1644333326.89347,1755,87750,0.730093359947205,
1644333404.32496,1758,87900,0.747565031051636,
1644333534.38802,1763,88150,0.749673664569855,
1644333558.71297,1764,88200,0.737423419952393,
1644333607.49296,1766,88300,0.733206152915955,
1644333634.24121,1767,88350,0.740234971046448,
1644333687.76125,1769,88450,0.73290491104126,
1644333876.26577,1776,88800,0.736720561981201,
1644333903.05162,1777,88850,0.733105719089508,
1644333929.42323,1778,88900,0.741038262844086,
1644334009.14125,1781,89050,0.75248521566391,
1644334036.8289,1782,89100,0.731298327445984,
1644334117.61118,1785,89250,0.719650566577911,
1644334144.6311,1786,89300,0.745255529880524,
1644334171.85669,1787,89350,0.738527953624725,
1644334199.73114,1788,89400,0.746159255504608,
1644334254.76415,1790,89500,0.746560871601105,
1644334279.88785,1791,89550,0.741339504718781,
1644334327.51044,1793,89650,0.74535596370697,
1644334373.96225,1795,89750,0.740234971046448,
1644334422.61811,1797,89850,0.72979211807251,
1644334446.75193,1798,89900,0.741540312767029,
1644334517.54749,1801,90050,0.752585589885712,
1644334564.84226,1803,90150,0.73541522026062,
1644334589.18293,1804,90200,0.743849754333496,
1644334612.84569,1805,90250,0.730796277523041,
1644334707.40926,1809,90450,0.745155155658722,
1644334753.19248,1811,90550,0.738929629325867,
1644334845.84277,1815,90750,0.746360063552856,
1644334893.39201,1817,90850,0.731599569320679,
1644334940.54584,1819,90950,0.737925469875336,
1644334963.4487,1820,91000,0.738628387451172,
1644335054.71525,1824,91200,0.738628387451172,
1644335126.03657,1827,91350,0.739532053470612,
1644335149.63862,1828,91400,0.741439878940582,
1644335197.13416,1830,91500,0.75589919090271,
1644335220.92216,1831,91550,0.743347704410553,
1644335268.77158,1833,91650,0.744853913784027,
1644335291.86772,1834,91700,0.721558392047882,
1644335314.66425,1835,91750,0.737323045730591,
1644335360.85891,1837,91850,0.749573230743408,
1644335384.25265,1838,91900,0.739331245422363,
1644335407.21269,1839,91950,0.734411060810089,
1644335545.01033,1845,92250,0.741138696670532,
1644335568.63945,1846,92300,0.744853913784027,
1644335592.0781,1847,92350,0.756200432777405,
1644335615.81045,1848,92400,0.746159255504608,
1644335638.73534,1849,92450,0.744753479957581,
1644335709.0493,1852,92600,0.743146896362305,
1644335757.49998,1854,92700,0.736218512058258,
1644335829.50744,1857,92850,0.730294227600098,
1644335923.48824,1861,93050,0.744452238082886,
1644336015.2369,1865,93250,0.739230871200562,
1644336038.4894,1866,93300,0.741540312767029,
1644336061.84356,1867,93350,0.750075280666351,
1644336084.7583,1868,93400,0.761923909187317,
1644336178.30885,1872,93600,0.740737020969391,
1644336201.84199,1873,93650,0.740034162998199,
1644336225.72621,1874,93700,0.748368322849274,
1644336248.43734,1875,93750,0.743749380111694,
1644336271.43741,1876,93800,0.754091799259186,
1644336317.93207,1878,93900,0.753489315509796,
1644336365.04659,1880,94000,0.749673664569855,
1644336388.85344,1881,94050,0.733909010887146,
1644336460.22459,1884,94200,0.755999624729157,
1644336484.41612,1885,94250,0.734611928462982,
1644336531.4805,1887,94350,0.753489315509796,
1644336579.81755,1889,94450,0.754794657230377,
1644336627.23158,1891,94550,0.748569130897522,
1644336650.06529,1892,94600,0.744150996208191,
1644336743.81193,1896,94800,0.740837454795837,
1644336839.79602,1900,95000,0.755095899105072,
1644336885.06438,1902,95100,0.740234971046448,
1644336907.86958,1903,95150,0.756702482700348,
1644336998.54262,1907,95350,0.752384781837463,
1644337043.74487,1909,95450,0.751179814338684,
1644337066.51483,1910,95500,0.750376522541046,
1644337089.094,1911,95550,0.731699943542481,
1644337157.14538,1914,95700,0.744954288005829,
1644337224.80852,1917,95850,0.762325525283814,
1644337270.72996,1919,95950,0.733005344867706,
1644337406.8912,1925,96250,0.746460497379303,
1644337429.74503,1926,96300,0.737222611904144,
1644337452.40658,1927,96350,0.74937242269516,
1644337499.54189,1929,96450,0.730695843696594,
1644337522.50086,1930,96500,0.738929629325867,
1644337591.28071,1933,96650,0.746962547302246,
1644337666.11332,1936,96800,0.740234971046448,
1644337692.97223,1937,96850,0.737724661827087,
1644337773.43379,1940,97000,0.743448138237,
1644337800.52141,1941,97050,0.732202053070068,
1644337826.48049,1942,97100,0.719951808452606,
1644337852.86887,1943,97150,0.720453858375549,
1644337931.35288,1946,97300,0.736820936203003,
1644337984.54556,1948,97400,0.755095899105072,
1644338063.51989,1951,97550,0.736820936203003,
1644338088.16552,1952,97600,0.752183973789215,
1644338136.461,1954,97700,0.738929629325867,
1644338206.48722,1957,97850,0.747364163398743,
1644338301.96376,1961,98050,0.74284565448761,
1644338325.89091,1962,98100,0.744753479957581,
1644338349.23108,1963,98150,0.758610308170319,
1644338372.6639,1964,98200,0.748970806598663,
1644338399.42843,1965,98250,0.760216891765595,
1644338448.26823,1967,98350,0.737523853778839,
1644338472.76115,1968,98400,0.750075280666351,
1644338497.27397,1969,98450,0.742042362689972,
1644338520.39775,1970,98500,0.754493415355682,
1644338660.1463,1976,98800,0.735515594482422,
1644338706.73782,1978,98900,0.743548572063446,
1644338730.19725,1979,98950,0.725273609161377,
1644338753.36173,1980,99000,0.736519753932953,
1644338776.83882,1981,99050,0.738327145576477,
1644338799.70731,1982,99100,0.738929629325867,
1644338822.71235,1983,99150,0.754493415355682,
1644338846.50469,1984,99200,0.738327145576477,
1644338896.88768,1986,99300,0.751280248165131,
1644338945.38313,1988,99400,0.740937829017639,
1644338968.54648,1989,99450,0.748167514801025,
1644338992.05072,1990,99500,0.753489315509796,
1644339042.5606,1992,99600,0.745757579803467,
1644339066.06882,1993,99650,0.736820936203003,
1644339090.66345,1994,99700,0.753288507461548,
1644339140.08446,1996,99800,0.743146896362305,
1644339239.39479,2000,100000,0.74937242269516,0.762325525283814
